Average waiting time;Cumulated waiting time;average speed;emission of Co2;evacuated_vehicle;nb_collision;episode reward;nombre episode
0,7770517063579683;9,238622372188802;5,913911868977724;21174,593055089284;322;82;-1390,0074120324118;0
2,054420686113196;32,111731469194154;5,308520523022027;25181,37369600164;316;38;-596,1530275280275;1
1,0354816102038373;13,074927541594212;5,397461324297458;22290,2795767849;324;72;-1145,6217032967036;2
1,128455505109662;14,991538078509905;5,363913477252146;22830,132883187067;328;66;-1095,7307720057718;3
1,1919383338883538;15,21041654312202;5,403127686217419;22555,03861186121;317;52;-798,2447413697417;4
0,8100146958810369;12,526771267947737;5,727989977531696;21247,11970875037;317;66;-1122,521453546454;5
1,8912671999337036;31,01379011487706;5,191229133416543;25590,988242625048;324;82;-1358,5247585747582;6
0,8168284166629848;10,125291094041092;5,9410267329604824;21378,878044544534;322;48;-736,2573759573761;7
0,6948597079874657;7,448114460614462;5,666810383084533;20922,29344361548;325;60;-1006,4952214452211;8
1,0383367950704967;13,316022905384612;5,590609868520813;22617,016466751436;326;60;-1076,8155483405483;9
0,8118191592748738;8,988472130373543;5,823940561925718;21833,523087360947;324;74;-1298,8885420135414;10
1,3248171064905954;19,81793618123406;5,390847896036851;24162,997223252314;328;76;-1412,5097319347317;11
0,7934886707523332;9,039843649555879;5,831966966800704;20996,90020024423;329;68;-1019,7970890220892;12
2,5053209151427733;42,07658129568842;5,3336038449344025;24111,300304376062;324;64;-1040,2175213675212;13
0,9662935556406084;11,714408992833649;5,29926331469755;22145,548212966838;321;70;-1171,1732045732042;14
0,720317541043019;8,79221058648142;5,492905920601732;21740,203905695977;325;70;-1011,2843378843377;15
1,0135777684728715;13,126639507574756;5,440368886993545;22726,109908222286;317;62;-1000,6646298146298;16
1,5113279957401677;23,11852466227466;5,43855391151848;24338,590078704612;323;74;-1296,0713175713176;17
1,7800923368599002;26,780868748803535;4,931896420626432;26157,497925664924;327;54;-927,2495781995782;18
0,9109958390407707;11,87346242235131;5,834659408929874;21539,950589321994;322;54;-809,0714313464314;19
0,6584804073727549;7,305667428919179;5,430741536018888;21039,264042022645;327;56;-845,5007714507708;20
0,5975575637607305;6,816959189515579;5,7848535142591215;21076,335474014744;326;62;-883,5637057387054;21
1,4503396369647652;19,749714440810333;5,165896765500874;23791,515814359835;325;58;-1062,0874625374624;22
1,2768874964483639;15,235793114931049;5,704602569493831;21917,874836812578;325;68;-1293,2470501720502;23
0,7387601060130671;8,818204973834114;5,544252400269121;21351,130061262153;321;64;-1110,5462870462873;24
1,438474660404441;18,16650215426811;5,05405950135045;23999,774406271346;323;66;-1023,8221472971474;25
0,9089925908118967;10,252796112617544;5,504424601303768;21659,918962692976;325;76;-1421,5404734154731;26
0,4165537124328483;4,398577242102421;5,9915308141265555;20131,427276381088;326;66;-1028,1451714951718;27
1,7351632250819842;25,712848970952415;4,781782655670334;26169,169172846963;324;60;-940,7596375846376;28
1,0051364501376874;11,753738729219496;5,638324958738543;22164,860541027687;327;48;-745,5509324009324;29
1,7020064834889956;24,392097676880297;5,0611367099023585;25708,897475096885;320;66;-1055,3888417138412;30
0,9972442971122577;12,372551966551963;5,173802595443617;22576,93731733129;322;74;-1509,8366994116996;31
1,4190130413586903;18,594257749549723;5,4011090906484505;22925,433639492177;324;56;-783,3207819957818;32
2,1294418125129657;30,376499221728224;5,3211542335274915;24453,452957870093;319;64;-1026,638480963481;33
1,399451531074031;19,790120406968228;5,492254337139133;23304,760415544042;327;70;-1088,4955932955932;34
1,2518646067353676;17,378707786466403;4,743214024823686;24799,65244330581;327;66;-1139,7721250971247;35
2,3362644877747583;38,295617745049555;5,448360418209182;25252,23553030959;325;58;-954,6109279609279;36
1,598821988210077;22,329628207613286;5,379173122986858;23668,879467321687;326;60;-933,5901959151962;37
0,8242967654191047;9,927436931573622;5,696843194160175;21670,45863107356;326;82;-1413,6007020757022;38
0,7670885815337266;9,475025522208618;5,592598832232119;22202,89733416107;328;58;-994,6118159618161;39
1,3507439668446357;17,73417388749556;5,240685852905508;22888,88433321718;325;80;-1259,7644355644354;40
1,4874853349384285;22,04295646078863;5,576962473907647;22404,37737012329;317;80;-1202,8855422355427;41
0,9266520222226066;11,334426741447292;5,5272544831213315;21682,719790807387;327;68;-1121,683277833278;42
2,2336297633009905;37,04495585763444;4,982203986615739;27202,52544215004;325;76;-1038,8765456765457;43
1,1353261472109362;13,434542510629472;5,62486246793809;22140,57929030022;322;64;-1050,3097735597732;44
1,8827687725545834;26,761079950142445;5,2334831914120485;24552,80681958848;325;56;-934,5699439449437;45
0,8608055203987747;10,202536971421864;5,607646100530848;22030,217730843568;321;66;-1200,8954406704402;46
1,148840897132264;13,544618192752525;5,379118410566205;22088,010730496997;323;78;-1031,8289960039963;47
4,052603374444978;72,21810404507775;4,528338644710435;31829,983546355244;320;80;-1317,8049367299366;48
1,9341000844585077;26,305202238961357;5,240463986320069;25158,128152154062;322;62;-1158,5604090354095;49
1,5411768587872579;22,37689716358782;4,953666169648144;24537,98258433786;321;74;-1340,5333832833828;50
1,4442629620195702;18,427769300714505;5,539790348602805;22377,340328257105;319;66;-1112,8236541236543;51
0,8988744380313185;12,491744026948105;5,372134955830964;22517,15465012899;326;58;-1018,4031218781215;52
1,9410847823388897;27,86320951606187;5,0266211781556915;24656,511428753212;320;62;-954,6532439782436;53
1,3669389713144455;16,619427877886526;5,534592655938835;22782,5722906617;326;68;-931,4515345765345;54
1,551361244157239;20,21811086554237;5,187845527287105;23533,800161530093;323;74;-1044,0014041514044;55
0,7137227747054912;9,259528660927263;5,772684588149111;21665,384971492174;328;68;-1208,2561466311463;56
2,2194690436642497;32,89999371770207;4,394309816782331;26978,686052759465;323;56;-855,9563797313793;57
2,261160282063624;35,702797668531915;4,687104500503845;27854,99717714133;328;54;-839,483510933511;58
1,8783765744981857;26,433144852749162;5,469470325147092;23443,429699962788;327;68;-1033,6417055167058;59
0,9788570024610302;14,528959321295089;5,587842861458077;22406,444417089653;328;52;-862,9177350427349;60
1,654893631089843;22,279390616890613;5,009082032139705;24599,827634193254;328;60;-1003,3828060828063;61
1,3819320056685205;17,54287599655247;5,3568684036634675;22686,230807487314;327;66;-939,7218892218895;62
2,2564929629212336;34,275742471547844;5,106762813723575;24955,142973117225;315;56;-1011,0757853257852;63
1,2542500767727087;15,799555779951461;5,268524851314426;22676,003634368248;320;66;-955,2119519369517;64
0,7250779987739087;8,04380617412532;5,598263651490539;20826,432565484927;324;64;-1062,9978465978468;65
1,6985180896299912;22,200008642151502;5,4253929236301595;23306,143800843438;322;56;-942,9606671106673;66
1,003091031755381;12,635775886839715;5,551642584985501;22133,259667340048;324;74;-1216,194067044067;67
1,698989105822663;22,69455176466046;5,285704684664286;23585,969625143647;318;68;-1101,2665306915308;68
0,9328625448545913;10,4537808462466;5,5349762050865;21280,45596261841;324;62;-1052,930611055611;69
1,7154774443591645;21,026966099448117;5,528506605836326;22565,35678108705;322;58;-895,914690864691;70
2,898821023548065;45,33180247782521;5,0136178091759955;27841,364339989115;324;90;-1446,095806970807;71
2,518081180014051;44,46897458602006;5,127102870279015;26937,637176508455;321;64;-1173,6222721722725;72
1,0726410979244596;13,033980137062322;5,596674407025124;22377,487918152787;324;54;-790,271314796315;73
0,8795632983135616;9,644413379830048;5,628197875014394;21599,704792755696;323;50;-978,763267288267;74
0,6036000167861558;7,379794071343368;5,653770267276818;20985,072169888776;326;78;-1293,7865134865121;75
1,3620412904844807;18,307330906641248;5,190184930479343;22898,12606840004;323;54;-833,4406759906759;76
2,4968803283002003;39,85229248979249;4,932612991003537;27401,731020188592;315;76;-1098,213245088245;77
1,242119285998162;16,10483086452475;5,092210912716682;23025,397636721485;326;84;-1431,8447025197024;78
1,0677668345676457;12,517091413153059;5,49042225413895;21714,46298332645;323;78;-1364,2265984015985;79
0,5997311975791896;7,043387096774191;5,430625619141486;21335,760606698153;326;58;-958,3028249528252;80
0,9113297145794724;10,318912822834392;5,541045529916282;21449,07049158049;325;62;-936,7732711732707;81
1,011436560910272;11,757480125238743;5,111340116863326;22277,27265766201;324;80;-1187,8355089355089;82
0,9419490302298518;11,48899523737653;5,4876867133719385;21888,50591197773;324;52;-792,5688283938287;83
0,862527456058323;10,184615589481359;5,482415230706998;21406,16704606051;328;56;-966,9007992007989;84
1,1992395538006988;15,593948357928621;5,256655979756408;23034,268187629128;320;58;-979,0079725829723;85
0,6060763376499831;6,866030417994701;5,788225158780436;20902,885945928312;324;72;-1108,3755133755133;86
1,2848825636177807;15,753764473074822;5,6444512541488345;23029,097206722454;325;74;-1183,4509324009323;87
1,1570758864670831;15,185111523843915;5,290207378479676;22655,7487822461;325;80;-1038,334754134754;88
0,9772865131230218;12,663473386345728;5,553980810383743;22401,49267451734;321;80;-1359,9360028860033;89
0,8465020534822212;10,528141241474577;5,506298070325725;22400,594361406133;326;74;-1184,4416805416802;90
0,5836087504119205;6,28627784913499;5,349599946995379;21282,719269186935;324;70;-1011,3469058719064;91
1,8389718530825276;24,689539911890897;5,008780831290897;24461,53242784535;324;68;-1281,3576423576421;92
1,2614386893121878;17,451461165097523;5,196863719993109;23333,354785887997;327;70;-1292,5835664335664;93
0,7704552524682391;9,258910083910079;5,783577780381643;21474,89050045032;325;58;-896,4473137973138;94
1,568057022927695;19,92334835052226;5,506017675451967;23928,52099124255;328;52;-870,7508574758575;95
1,0443959594098962;12,150706610967804;5,423517973619919;21429,765539263622;324;66;-1084,2996891996888;96
1,706685749974811;25,00713008015166;5,3614199742924535;24118,71108580128;327;74;-1128,928751803752;97
1,5934193564906898;22,72360678656299;4,855811952240985;24346,50413310222;323;54;-847,8006077256081;98
1,4355620205100956;22,428314111947202;5,300907495720259;23434,7375858032;321;62;-931,4823509823509;99
1,51192108911057;25,326313674751166;5,239185341803968;24617,410266484236;325;60;-1013,9542901542903;100
1,5865498991673384;20,014811615853286;5,481789281717455;22926,877204757817;325;68;-1048,8681540681541;101
2,7576059087154126;44,0652600656049;5,124684412554965;26369,672843623517;319;62;-1071,8279470529471;102
1,3514950772180987;16,487371978569165;5,496018423391964;22695,67341402813;322;80;-1391,1585636585637;103
0,8257600213989194;9,024632940999846;5,616481083358387;21238,21738500432;328;68;-987,6423687423686;104
1,0112572742670973;12,982755947755946;5,526908550682839;22573,81553718997;319;96;-1516,7346903096907;105
1,2404658499896;16,50932036482036;5,303212613415986;22553,26481284238;326;76;-1351,7043650793655;106
0,9271600421948154;12,45557665269204;5,513582572963255;22454,19322052279;328;76;-1249,0413947163954;107
0,9006434878018981;10,276471164769033;5,526874921499086;21844,700316152157;327;54;-888,6105339105341;108
1,7750180955060784;26,830465220358832;5,13620490938618;25827,22787108823;324;74;-1075,8463841713838;109
1,3546942656122851;16,98720830296917;5,193403380733751;22651,021322478948;325;58;-930,5690503940507;110
1,0447088899557846;13,808780186402561;5,479282164758938;22904,24084547021;323;74;-1277,0809357309363;111
0,8087948330334174;9,547967654882548;5,857180757656396;21248,629250526894;325;70;-1100,680844155844;112
0,7792015726008279;9,850710437465406;5,533495110001796;21699,53147976268;328;54;-873,9532023532023;113
2,4513361452390825;37,918171643171654;4,84440644794268;27629,96985210262;319;56;-1030,9128760128754;114
0,43439564460726493;4,60697777531111;5,893741868661753;20366,405380667118;328;78;-1411,3416056166054;115
1,212767692189903;14,978965401343027;5,684622025975487;22361,32305943983;323;80;-1436,9203435453433;116
1,5961783613756322;21,942580591451552;5,056474288028678;23705,132806567755;325;52;-1097,6090520590517;117
2,4303810693119288;34,777407125248864;4,994545150182098;26612,82767096164;322;54;-811,5068653568652;118
1,1454563058592753;14,551658025073516;5,268180782491148;22938,4354419371;322;76;-1116,859190809191;119
1,6079078930889361;24,984605837053376;5,441156660063814;23684,088378028482;325;60;-932,233988233988;120
2,4703438772896855;36,89025017490927;5,171974574956521;26286,203980894992;328;68;-1049,3696414696415;121
1,5096984891154082;19,770673571033278;5,116183093867526;24272,497951968468;324;58;-933,2275946275948;122
0,49651505164269827;5,270979819267491;6,018164396484173;20662,265458450227;323;76;-1207,277994227994;123
0,9280915146477914;13,39756869813688;5,739773213832588;22321,143651615013;328;80;-1338,3448107448112;124
0,9609097185675661;11,723947183768612;5,706922669830521;21464,381121285343;320;60;-884,3800754800759;125
0,6921176126968935;8,073925526228157;5,83905169925308;21014,497557860905;324;56;-997,6384476634474;126
1,1563533306110905;14,45835869377536;5,175237302401569;22721,43160635527;324;52;-827,6512154512153;127
1,550712647173723;22,529980113782937;5,341258959804695;23894,40216536026;325;82;-1511,7267510267504;128
0,5328467516203027;6,658644559009521;5,772669715297046;20413,42152143355;328;72;-1065,7797286047287;129
0,8230446250264256;9,1971832391353;5,548028730569375;21341,034102381927;326;66;-1025,5316766566764;130
0,6877000497305433;7,950938586876087;5,7076725386761815;21066,25555558973;324;62;-1046,576284826285;131
0,6928420240452827;7,7018259518259535;6,128079758975617;20780,672713470456;324;74;-1374,9763736263735;132
1,3407180694954859;17,020198483050592;5,498464122797137;22815,55609644611;325;72;-1192,651279276279;133
2,9450661730103005;47,17981049814384;5,357213794597893;26527,850144703152;320;74;-1248,1830946830946;134
1,1105313826314596;12,805273902614326;5,615077467380343;22264,460837109305;321;64;-1231,335808635809;135
2,3563534325906854;35,8729545042045;4,410424993655117;27531,753610434207;320;68;-1183,632128982129;136
1,0127927979750249;13,681950733775558;5,449820857334386;22584,04636081987;325;60;-983,3091075591077;137
1,5777442072553656;23,534433029925573;5,2105361584848895;24078,5854249253;327;66;-1041,259598489746;138
1,7096560514791401;27,011338944502207;5,0984752438610865;25192,14516707628;325;60;-966,6753108003107;139
1,759857808132271;23,778751088978357;5,359499451059223;24393,43795479;326;68;-1219,142743367743;140
0,8031091234717116;10,085589532122377;5,64167699294007;22010,821858993728;326;72;-1300,5765595515595;141
1,592876772371853;20,643455789978965;5,079452456805978;23674,09174590925;323;64;-1053,287401487401;142
1,5338805793769081;21,023392958499333;5,318029313414763;23780,560720552567;319;78;-1253,7987762237763;143
0,4759020070807786;4,9509676112936996;5,983423179565884;20200,046139482503;327;78;-1207,1968642468646;144
1,52029096487085;21,729175991492166;4,9741978584142945;24766,14421285656;323;84;-1358,4097347097345;145
1,5121840040667993;21,000146762470703;5,203570701937639;23987,64150993478;318;74;-1259,7212287712289;146
1,5674776775849342;24,420944270376097;5,747753721921651;23700,818351047605;328;78;-1248,8033744033744;147
0,9767869610163054;11,176104744238545;5,437009460362834;22005,024253042433;327;86;-1323,000765900766;148
0,8238503528645962;9,964956151180642;5,710081784333513;21242,855668260447;323;78;-1378,3365107115108;149
0,9764020059653964;10,942301682864597;5,748050662489353;22030,16509013774;324;58;-982,1236374736371;150
1,6747327678779822;22,50864656971527;5,545228676246103;21779,847245228997;325;72;-1145,963003663004;151
2,592621204085254;41,78735901286922;5,595388920892991;25117,108805093936;324;70;-1059,0090215340217;152
1,230354614204152;14,503527885513181;5,612720183015553;22770,240415691016;325;72;-1223,1981684981686;153
1,069804955436589;13,659566479943194;5,370942783590115;22480,269681325553;325;62;-999,0552558552556;154
1,3810115644244605;18,703941456553387;5,302615960570781;24085,89363095122;324;58;-1165,8015595515599;155
1,5591519199162491;19,315780114493347;5,362612590298395;23799,197879121242;325;74;-1127,7269258519257;156
0,6784305823724394;8,146788318064916;5,846578368571481;21437,887194246145;327;74;-1279,7621212121217;157
1,335738131430757;17,685440889314133;5,363192490601545;23324,075876749284;327;64;-1007,3964035964036;158
0,8395180212691765;9,956553794405908;6,01567865931593;20707,289852375427;322;52;-892,6315046065048;159
0,8168135820666202;9,860742035742033;5,48337744613186;21713,009271816507;326;70;-1440,9273199023194;160
1,4227798951052333;18,84129252390122;5,247087534925972;23631,946128712112;325;74;-1058,3412698412694;161
1,6780013002250422;24,656225082787582;5,30467547195867;24604,63411178654;328;62;-844,3811355311359;162
1,1485189817405272;14,123169177364977;5,410187395912298;22065,428909000737;322;64;-978,7714479964479;163
1,4702880380986554;19,376443176093527;5,593642934852535;22522,01267728498;323;70;-1200,0769702519704;164
0,558711069170145;6,319617559001121;5,68691836892309;20777,668311537953;326;70;-1112,4847069597072;165
1,0754738790751268;14,387353374594756;5,313695503658191;23337,100917397165;326;58;-966,1619880119879;166
0,8740592833890741;10,629873823219144;5,448445121243872;22425,229855618883;327;64;-1027,9127455877456;167
0,7713522258183299;9,248400095275095;5,6407590099439116;21602,991694759876;322;68;-1049,0630924630923;168
1,4490093897275504;18,209830847750318;5,203431716353981;23228,30713304373;321;56;-956,1780247530247;169
1,394339413866991;19,62568475068474;5,2425693005913505;23372,577781258922;324;70;-1241,465204240204;170
1,3408420521025552;18,024349242027807;5,8420377555868495;21764,344756421957;321;62;-1006,0083222333219;171
2,8491450218314176;46,323867024029354;5,083202536649437;27411,128423372174;320;48;-776,4805083805084;172
0,7090403302087838;8,208079062218138;5,458031175577028;21090,277929448108;323;70;-1098,2739982239984;173
2,469890758019806;38,99428835053835;4,88482743399847;26187,061812034965;323;50;-687,0139277389278;174
1,4131537863216033;19,200661159171798;5,144313549060703;24068,09578976562;326;64;-972,0002997002998;175
0,671352065874551;8,081045185239818;5,344931591400682;21268,666555061696;325;78;-1520,3006521256525;176
0,8367833917113963;9,670183873144401;5,711907050458502;21481,81300610066;326;74;-1256,2073815073811;177
1,323056519074386;20,417109667293488;5,53598767484832;23108,81192467346;317;76;-1225,2586746586746;178
1,075052767256848;12,867793902004427;5,370130784502224;22104,410232510778;322;56;-980,9637834387835;179
0,5328702801425894;6,174078107350167;5,7611436059404815;20299,249258328666;327;70;-1113,2751137751138;180
0,8374462668528898;9,661521339180915;5,792889054977018;21226,328935458343;328;62;-838,8499555999556;181
0,8979515216991203;11,433423641980689;5,535576946739749;21876,142434092064;329;90;-1527,0116161616158;182
0,6462689802690886;7,480946791862282;5,938884842847908;20474,57673018864;327;68;-1052,3601787101788;183
1,4941515651291737;21,997185818567395;5,179664978779705;23367,733701611465;326;56;-1104,0445249195245;184
1,0369658063987808;12,230298140088344;5,406376702451708;22269,26318061155;325;72;-1133,3579309579313;185
0,43027664320741954;4,970554996618828;5,801281097631406;19933,48506686796;326;86;-1487,632026307026;186
0,7996336623523357;9,079434073551722;5,528354005876646;21618,75324128515;326;60;-875,0562937062938;187
0,8840410196850131;10,484707394595452;5,737586837319582;21347,764564789682;320;70;-1033,9551226551225;188
2,6922962149544176;40,37114910882766;4,983671159866665;27348,956205595656;317;56;-949,1695887445886;189
0,7227390802906829;7,8941292124127935;5,604396859384555;21064,243174843243;323;50;-626,0978576978576;190
0,3940256780515966;4,325859186475624;5,879816044792213;20459,252162255943;327;48;-871,8620490620489;191
2,359374600726742;41,00469187087892;4,878809999898379;27514,46821838352;321;70;-1008,8902181152182;192
0,91396370981179;11,5962067161694;5,671415442078396;21637,039581530797;326;76;-1128,3443417693418;193
0,7790955042714133;8,82951289318196;5,374966761116617;21572,863652527827;323;70;-1011,8931818181819;194
2,444746892107226;38,01600458720024;5,303442976573493;25793,573649036196;325;58;-872,250335775336;195
1,2005419761301501;16,695429197945977;5,507066146614746;22181,42969732722;328;84;-1365,0714840714834;196
1,563585994235131;22,282515186651874;5,273818907085033;23277,006458725067;319;62;-858,4565212565211;197
0,7927281310076203;9,859086103107845;5,4730592765669295;21522,633961130403;319;62;-909,259174159174;198
1,6818355078412779;25,237590247054534;5,131433880178562;23661,38361449175;325;58;-880,6142746142747;199
1,5886421426857065;23,424644474299647;5,221605518961644;24912,600663132704;326;58;-1153,3903096903102;200
1,4325007833463823;19,32068298834033;5,307621744777061;23889,67666387876;327;72;-1218,8850399600399;201
0,8898893252225818;10,912329884512983;5,590608265911056;21625,917959062164;328;88;-1559,4000444000453;202
1,0360933097556781;12,614668871758424;5,691660449624551;21572,998030278683;323;70;-978,9709984459987;203
1,448328570651584;20,45248187383604;5,114324244948559;23547,552307098547;325;62;-1141,313081363082;204
0,9479268230464796;11,762599881599884;5,545749534073905;21644,702204452267;328;74;-1209,1961704961698;205
2,0033670948989077;32,336309485267826;5,262931695680141;24766,28068827391;326;76;-1066,967649017649;206
1,3363364398003987;15,92956976598281;5,669526131699227;22577,61976140132;325;80;-1181,2166583416588;207
1,3003104621060866;17,278700320658356;5,7290223438785395;21847,304504058964;326;56;-970,8421023421024;208
0,5172891436321491;6,365472543329684;5,834166152278808;20872,213097779884;323;62;-876,8203185703187;209
1,2394086903282453;14,98721338460922;5,507652283237996;21464,292911858196;325;80;-1295,3008769008766;210
1,3688287197676083;17,92285079686396;5,26065904279084;23762,41024026976;328;90;-1527,9788267288268;211
1,9086952510143316;26,322652114784976;5,059796599896813;24023,70034494312;322;60;-897,8399572649573;212
1,2523601429111302;15,76946094344053;5,3551577697225925;22808,09353873151;322;60;-1191,4811965811969;213
0,5885843543669188;7,3584172673961445;5,72634337883223;20898,41946086377;326;80;-1161,097213897214;214
1,8329160102712017;29,27223392989817;4,920397442190469;25455,489083256496;324;60;-882,1274170274172;215
1,0703537079315035;13,461873701011635;5,690885229807721;21606,890482003506;327;62;-1326,2670135420135;216
1,2241616665781927;15,95866385387662;5,153580916945861;22833,173447783036;324;36;-607,0117049617049;217
0,876919296440013;10,770239000968168;5,492344380464868;22028,227850488187;328;74;-1122,3141192141193;218
1,389575256300394;18,387470624613474;5,243595728058922;23517,09914732307;318;68;-1063,1260350760354;219
1,9626597558546817;29,254214555285976;4,993478522234914;25722,74327642073;325;52;-687,5995032745036;220
1,4461332803658262;21,28905940802493;5,1053975497124995;23801,18740266203;320;64;-1012,1060245310244;221
1,520659534213049;25,60658604680344;5,385559454009975;24270,974946395527;315;86;-1486,1990870240868;222
2,0021050047902706;31,075782685678526;4,816654840480632;25394,335504459934;327;64;-1043,077758352758;223
2,051038186102784;31,093150408367794;5,112463698364642;25184,686648724128;328;68;-1165,496767121767;224
1,0043608718695591;14,120355892095022;5,658168733139503;22657,418336506802;327;54;-872,7361693861694;225
0,5954119218379762;7,408125951753402;5,998406269265354;20401,676269978467;326;56;-953,2116439116435;226
1,0173364405808005;12,659499208056902;5,509885105677723;22688,565689346946;326;50;-888,765714840715;227
1,5677052079164402;24,872653861290225;5,881680381345002;21711,8478548326;316;52;-848,9571567321568;228
1,167294817316015;15,279632826324004;5,6963665635290885;22027,411610364234;323;66;-1044,434928959929;229
1,4055118149038441;18,44595438345439;5,1915785076331895;23762,93255825539;322;58;-893,2624320124319;230
0,6429089631168378;7,171212102334552;5,516820769642042;21226,370337627082;324;62;-1020,1099900099897;231
0,6886364556258968;8,91898766700925;5,617777824582513;20764,03428359573;320;80;-1336,9603896103893;232
0,7787192450395379;9,131890554700773;5,770320649757864;21026,46941569864;327;64;-1043,608197358197;233
1,0309731607508184;13,910873120663329;5,441461861005392;22041,869709331506;328;52;-909,5147241647244;234
1,6946130379414677;24,189506134297805;5,17506197433452;25223,610618229013;324;66;-1025,1851037851034;235
3,934430138732457;68,89914517761231;4,798905982088594;28729,81890532605;312;56;-978,8788711288712;236
1,3642201192985055;16,369472941588324;5,679124996755963;22756,488250156457;328;52;-969,056376956377;237
1,2153440601972998;13,959443881626981;5,671746536664135;22192,732995137765;322;82;-1377,6255966255967;238
0,72823633350928;8,535331453416557;5,6121456359869075;21207,521927620877;328;64;-816,2059274059275;239
1,7707416789551096;23,8008186453609;4,814309551600505;24812,86194719469;324;54;-907,4333874458879;240
1,424994734000919;17,1860096080593;5,498171370381596;22981,077870552726;324;64;-1267,0969280719282;241
2,930863916542349;46,96526400949477;4,824350116070983;26152,139891538063;318;54;-727,1130952380955;242
0,7260823652291879;9,09909164909165;5,554477290142797;21606,70622844233;324;64;-1162,961421911422;243
0,9741959623314582;12,772705399175985;5,378590651365759;22741,689497777556;321;66;-1207,542576867577;244
2,7015002264319077;45,97496859107971;4,698579199388773;28468,209238153486;319;72;-1091,9264208014204;245
1,0079935683045385;13,491320240792072;5,475187559821422;22999,83291645745;320;58;-964,8005133755134;246
1,1221074582086885;14,737577135508168;5,073137182358653;23281,90297603592;324;68;-1060,0883588633587;247
0,7263322424090496;8,908008473008476;5,470022568899737;21709,5589251178;324;74;-964,21563991564;248
1,0091467240707024;13,99652480528393;5,464319075322243;22170,118077169805;324;72;-1178,923421023421;249
1,2975050015925575;20,43695024866354;5,627831703737963;24052,776316464213;328;72;-1081,0250749250745;250
1,9211434699794587;30,674834501917832;4,763286435201252;26116,916480404077;322;66;-939,6501887001886;251
0,9992579221162442;12,74961360937388;5,413884348854339;21963,89464727687;323;64;-1169,880330780331;252
1,2513448008683783;19,07552715677716;5,164140530481016;23375,4873266938;327;62;-849,8006576756575;253
0,784991801670821;8,80259828294311;5,84531709386656;21188,662101209073;325;64;-1046,3828227328231;254
2,2169463534159024;31,73465337215337;5,139563234457602;25401,17360427109;322;62;-1309,326825951826;255
1,6641890732113385;22,05827852702853;5,349163794218644;23743,40926201469;323;64;-1061,7565739815745;256
1,098943541562541;14,504897051251216;5,317388634634191;23245,066863122942;325;74;-1219,6805611055615;257
0,7857217113164054;9,297973968322806;5,761489999422326;21270,0020153308;325;84;-1203,982364857365;258
0,6435460909225156;7,518594863665287;5,561700274043766;20786,24350107512;326;64;-1076,3145077145077;259
0,7032835701529704;7,856472545972548;5,791066430482224;21302,2773021661;324;54;-901,7593101343098;260
1,809941961667194;27,825196948113614;4,88218338355335;25167,33990972984;318;62;-1101,4365967365966;261
1,4015205972485953;17,227763296953437;5,6687735927107905;22361,014744087977;329;72;-1144,394708069708;262
0,4987664513879496;5,417253499318718;5,967093843563131;19979,190792075016;326;72;-1122,9946053946057;263
1,197280810394704;15,673145496478826;5,490509527560426;23272,946145049817;328;68;-1115,4516983016977;264
1,7394440492055419;33,359047666961345;5,027433088211978;25490,899409860434;325;62;-983,3332917082915;265
0,9809353839021301;12,015225893042796;5,534146547372336;22103,550210688023;322;64;-968,5488872238873;266
1,0058822156485265;12,68656124471342;5,464057508911918;22224,22376915442;327;80;-1295,1852619602623;267
1,918225621236839;33,09128081595822;4,991486968041982;25334,525438743378;325;76;-1363,7785076035075;268
0,9992063018307497;12,594666669666662;5,452494346412471;22103,766585703066;326;58;-986,7253441003439;269
0,5854874114188376;6,520296925296928;5,869030779726556;20590,337235606203;328;76;-1308,9676601176598;270
4,352008243521455;96,49731926969687;4,654040640188194;31047,107228306384;319;50;-707,1951770451774;271
0,8261128005482992;9,85134277144767;5,604668167680141;21716,02692712795;324;44;-721,6148323898324;272
1,4907913345863286;20,80408935588792;5,273224330110512;23798,797951290115;326;78;-1176,0496114996115;273
0,9299367808489737;11,057368259594284;5,539174498552884;21977,50798267256;327;86;-1308,2086191586188;274
1,6471159925891419;21,901639291471376;5,446166503400839;24157,92470862351;324;62;-820,9768315018315;275
1,4595418550733208;21,475892940392928;5,119432295422895;24860,180738728362;326;66;-1186,3104145854147;276
1,147388622837838;14,357960056918394;5,6137120797368105;21503,349167012042;323;88;-1550,067707292707;277
1,3218156718328462;16,64844247942074;5,321302661037107;23176,575057607373;323;48;-760,1558580308582;278
1,5181254373419342;20,46365270068278;5,438389744126171;23874,05188898146;327;70;-1206,5724192474195;279
0,773827944391352;10,364191760620333;5,822614539880122;21175,62361291683;327;64;-878,5062326562329;280
1,7287520616258885;25,842475223725224;4,5917635085299615;25838,336069594534;323;74;-1217,6214535464537;281
0,7098957762682608;8,960935704685705;5,865561997678602;20914,036406309602;327;70;-1199,8291597291595;282
1,804160558447601;27,19190380326744;5,461822207317082;24036,97925970902;322;70;-1124,6545371295372;283
1,7694181689271524;28,10992826617827;5,171627500234237;25602,394995397797;320;52;-857,0099317349318;284
1,4812564424380419;20,29481070400188;5,327319196794607;23323,249612774667;320;62;-911,0392995892994;285
1,9407321166446336;27,650751272536983;4,851152820838612;25457,980518027587;323;74;-1106,9727022977027;286
3,3332161613405193;53,4436928669621;4,906673532131492;28245,822352150986;326;58;-985,6542457542456;287
1,5141306457769943;19,70857409588753;5,479199226650318;23276,712279490774;322;80;-1156,7001498501493;288
1,1938865389217153;16,117339350790054;5,087974155875337;22886,625011560274;321;60;-1100,8936618936616;289
2,0286227451884007;28,51959031306857;4,844400158604216;26216,753135369825;323;68;-1070,108055833056;290
1,1044782913591698;14,571477943352944;5,48917947573077;22057,926934159794;326;62;-1098,1681901431905;291
1,9939905860430023;30,45554102330417;5,004037640541547;25651,79928376738;328;82;-1593,9021894771895;292
1,5665487526296769;20,268969215164866;5,169914028688719;24094,442000893712;325;82;-1282,4427017427022;293
1,1688564278258142;14,443519853950306;5,700308488357744;21166,574526266442;328;96;-1743,5651848151851;294
0,9662413726167997;10,694103062082513;5,722940563298662;21494,076375385404;323;50;-778,190220890221;295
2,4263898233476335;39,28257079072296;4,873409473738771;27862,124719181436;320;68;-974,2926129426125;296
2,6311828118726575;44,397936396137816;4,772050552350538;27805,70227909999;325;84;-1416,4188283938288;297
1,9306202071098197;29,626265980222808;4,716227081832035;25989,849949615338;327;54;-691,6484987234984;298
1,984054439756476;29,250355532573842;4,967517216515463;25709,021314451016;322;56;-788,4561327561328;299
0,7429148120912897;9,610804802711277;5,7528960453911075;21092,087944057683;328;54;-825,5798951048955;300
0,8638305261067025;10,316816442319796;5,410282715518234;22155,365399249484;325;56;-934,9614996115;301
1,064721246541258;12,879631680454048;5,508097402264685;22329,77668413284;324;62;-1185,2865939615938;302
0,3209781303378566;3,2556719803493985;5,91683927898685;19427,355599883882;325;78;-1317,9682567432567;303
1,2042118125576893;15,765956477935642;5,137486256247271;23399,60776662752;327;56;-782,5289987789988;304
1,243592747677264;19,087473132927677;5,398795611620939;24141,151526346803;326;52;-915,951567876568;305
1,8847756254906247;26,538362337103344;5,248914763979891;24340,642020071067;318;64;-1015,7109307359307;306
1,0375622128176698;13,204220952658451;5,670120111362456;21910,30990978819;327;82;-1456,6634310134314;307
0,5645517363863571;6,215302073405524;5,795064094725707;20972,409117316605;326;56;-803,1932123432126;308
1,326242565299413;17,61167460657256;5,299808077553468;22913,962638358764;322;68;-1119,0471500721499;309
0,6707164425570322;7,893119401023809;5,977004642808277;21076,860815695352;325;66;-1044,6735292485293;310
1,2543970975497722;14,882307766049024;5,474008648345861;22692,873139596053;319;66;-1202,3704933954932;311
0,7109742292429306;8,808111723956795;5,9866563800098795;20562,530801897552;328;66;-1034,5799422799425;312
0,8849861611534923;10,619529299121135;5,414550513600178;22297,834803505313;323;50;-799,2678182928181;313
1,9070763514673104;26,53494171313321;4,8531274077679125;24951,566223382735;322;64;-942,3519203019205;314
0,9856358210110584;12,703635311852093;5,817932222828536;22080,904537293383;326;88;-1415,4869880119877;315
3,300587394621693;52,44695388786296;4,866251521259685;29524,462743331056;319;82;-1349,658946608946;316
1,6505752699451028;22,755390208383165;5,142238323891693;24176,096311547215;323;54;-763,8332722832725;317
1,7948986917665708;30,005983844012007;4,959547571201291;26010,147230767026;319;58;-900,0181013431013;318
1,3181301369166465;16,514278257645604;5,173541994361842;23516,516495560103;329;50;-765,996767121767;319
1,6127457650881794;22,8483066608979;5,370460590938923;24530,210363347862;326;78;-1232,8273532023534;320
1,5676381866392746;21,788985033345927;5,430699677059843;23118,57541643857;317;80;-1300,7673520923522;321
1,50590455509666;20,095467688176022;5,236344832393023;23757,259129884005;323;74;-1327,4991203241198;322
1,2457138707795727;16,889926519396717;5,431230791471761;23260,654480557492;326;68;-1249,3707431457433;323
1,1305791199776174;15,662275808986333;5,339712237984664;22713,47664412374;325;66;-1131,9823038073039;324
1,0066765641173172;12,382183734311397;5,674196815602481;21694,580729661902;326;74;-1415,5420634920638;325
1,9956365917664616;31,341723229872578;5,385156757361141;24706,864205411406;325;70;-1279,854723054723;326
1,0136881832372215;13,160143540034845;5,906699461698839;22197,693154133114;321;76;-1230,969108669109;327
2,3873851638467163;36,71604512959476;4,9908704794566505;27312,4725339721;320;66;-925,4570873570873;328
0,6899562793580787;8,568487028844167;5,745768525876412;21496,195012682023;328;68;-1080,7307581307582;329
0,5029102165229732;6,08587027900005;5,864710274349764;20166,01019148007;323;80;-1183,8779165279168;330
2,0280088739082403;31,33410636126464;5,555587292969234;22650,603090969318;313;66;-1139,1268426018428;331
0,9050284585860019;11,09202696755514;5,780636413562446;21375,220056473656;328;62;-993,9326978576973;332
1,4820380092401064;20,661320276945272;5,2878537057799;23822,28234332015;323;86;-1169,8195998446001;333
1,957813431641953;35,205410566580774;5,289484382533483;26968,86488806743;327;58;-1037,624050949051;334
1,1799928255582126;15,289092314822234;5,631082962434447;22386,5108424965;328;64;-947,1592324342323;335
1,1681105256200799;17,569864648289307;5,5120971290033;22390,34666350177;328;66;-1098,4255466755467;336
1,6170602782226946;25,807690268914758;5,227716637298568;24753,348343439313;321;68;-1129,5624930624929;337
1,9577277477685324;27,225426833702695;5,028228021597111;24850,24790836181;328;52;-782,1547175047175;338
2,0914389517663867;34,3605264538938;4,891139892644014;26720,01339312519;321;60;-1018,6004551004551;339
1,0945659595320945;12,996835764544095;5,629496068386206;21415,328603759033;326;70;-958,3764513264512;340
1,05525417990083;13,370302713159852;5,303165234838781;22581,479091716454;327;58;-967,7292735042734;341
0,7271065144142271;8,511356093046231;5,397046126623074;21725,244075212864;328;68;-1049,7949633699634;342
1,5187959260942483;21,671967500924335;5,237131170243383;23696,756905472048;315;66;-881,819669219669;343
2,246628450918551;34,35667606070288;4,7748885577577065;26320,78679700983;327;76;-1180,373088023088;344
1,7616410199906078;23,035259383473672;5,205167004592829;23618,682461217082;326;52;-971,9585331335331;345
0,9596231922710404;12,908991780846083;5,328510357054801;22642,500506991917;328;70;-1135,9697274947275;346
0,7285922208712006;8,484451414043251;5,842926558933047;21511,871564807876;327;50;-823,5653041403043;347
1,6642581134229666;21,870194681861342;5,379716679920061;23234,709461673454;321;78;-1110,0907287157286;348
0,8710334913230177;10,684462595153382;5,467404282633659;21738,17303357857;323;64;-946,4131812631804;349
1,1550890964549336;15,577023972196384;5,381124209364172;23285,99222703344;324;62;-1062,701665001665;350
1,1613824835478794;14,570800598578371;5,653961077547525;22948,647674294047;325;82;-1422,134568209569;351
1,3763881631286914;18,919159414788783;5,306976077202886;23673,209255607497;324;64;-987,2609557109556;352
1,5787004747806244;21,332308733471525;5,25996537622131;23743,501810265003;324;58;-953,2406343656342;353
0,8406413659827023;9,463836700336703;5,427939277204595;21813,9616291099;322;72;-1134,4163308913303;354
0,9343405204136767;11,319530141925974;5,375520741058889;22312,34191102801;327;54;-864,3528887778886;355
1,7190711567498067;29,046985588485587;5,580765716666147;24064,3079853826;325;88;-1435,8704933954928;356
1,3045608622890135;18,54425979836136;5,6971148627119845;22797,222547586476;325;72;-1092,256399156399;357
1,0553717269142417;12,664694058938657;5,566365763899052;22469,286762940468;323;64;-1058,3583555333557;358
3,9466436380868886;72,51721468186986;4,775369175922338;28847,595910252767;319;56;-1086,5610417360417;359
2,848130336501264;54,28551961836276;4,788271712296869;28750,37032187497;318;86;-1385,1180513930515;360
2,1719232366570527;31,833961211202592;5,567432906447099;23713,092373296797;328;62;-1159,8738816738817;361
0,9190527497606501;11,808737999509813;5,4345633312835515;22362,48699069125;321;66;-1156,3173520923526;362
1,1310044909030281;15,117272567104784;5,711062751966898;22968,894994635368;325;68;-1096,1674242424242;363
0,852882959380948;9,815053476988965;5,363431613841097;22165,489586379066;325;64;-1007,0469391719389;364
2,1892933940686943;32,940819188691535;5,1705527592061875;25609,22789099424;318;50;-899,0060273060272;365
1,5197639668237115;20,690332012758486;5,459930386275121;23111,793157231576;319;58;-828,2574397824399;366
0,6178064590708701;6,4302472989973;6,094184745212726;19976,296405776717;327;48;-824,7922105672109;367
1,1427614187740909;12,912682441878246;5,703078917605249;21556,438978771333;320;62;-992,9540848040848;368
1,7373840670461342;27,55178630322516;5,1650425469108106;25476,571270136275;324;58;-1031,2170940170938;369
1,3869671660042913;17,13556047430093;5,702492852279365;22605,73989738687;321;66;-772,2956543456543;370
2,006128296282077;29,744047929537444;5,556050305574742;24275,722752222624;325;66;-996,8905955155957;371
2,1437016620909466;29,410771734175988;4,994429376860238;25987,684343558936;320;76;-1143,538442113442;372
1,4851713145843595;19,557138178123576;5,430012736582934;23784,724931943943;323;66;-1078,2271950271952;373
0,6756246314579246;7,399652006368423;6,2150050432678485;20106,036256177198;328;78;-1267,9572954822959;374
1,123242092762984;13,965784919306046;5,738086174623676;21979,11464366535;323;76;-1421,921028971029;375
1,127874698848435;14,048895300102194;5,456804798446302;22401,760722218285;325;74;-1122,7590076590075;376
1,4029556025150578;18,265905853405858;5,424218569615182;23585,86661559129;324;70;-1179,8328615828623;377
1,2372278082186816;18,347247412212205;5,530523691805194;21899,757220323896;315;70;-1075,8030858030854;378
1,0484949475049639;13,603766377110752;5,494066932338659;22326,049626865264;328;66;-1142,770532245532;379
0,39068470253188137;4,105205656412553;6,0675955340107075;20193,494096894403;326;58;-1004,4755855255855;380
1,2905210076419116;16,300087304342625;5,2702295748118235;23207,643705130224;321;46;-646,855280830281;381
1,0559608962572264;12,642617719582008;5,798725592694637;21369,10159227325;326;60;-868,1535880785881;382
0,9368980133702723;11,579452973723807;5,800204453140952;21266,151592981034;328;60;-953,5105588855587;383
0,9188172831434036;10,484525931584754;5,8494217390949395;21405,515343974974;321;48;-739,4783494283495;384
0,8642571107660678;10,670915728107508;5,800380144805094;20886,002710217028;324;64;-1144,9330003329999;385
0,8468277465529902;9,374823608930749;5,752647251930981;21306,62413010042;327;78;-1194,1930180930176;386
1,5509443560964862;21,169492355287804;5,41352511950578;23971,394968340795;319;66;-993,0724081474079;387
1,2705650646766449;16,107007449160736;5,547707231546701;22359,471487064886;328;58;-963,3391636141637;388
1,0654252726668219;13,085371037692468;5,522826731907723;21747,974844649907;324;58;-979,6377899877897;389
0,9816358776718902;11,349879105568759;5,697160481699312;21332,230987454255;324;68;-1143,016303141303;390
1,2118774763651874;15,795485070485064;5,461056802622351;22977,20949363882;325;58;-1047,043070818071;391
1,237498417769473;16,678253710575145;5,39637735618981;23291,111021211575;323;58;-901,9712204462201;392
1,2159518097018824;17,015418681650026;5,309018397126452;22942,9809649445;324;62;-980,4094072594073;393
0,6950447717911724;7,897958263958264;5,578549981477538;21168,024331042903;326;60;-942,7886946386943;394
2,169773543660145;30,46143653991336;5,062437838389847;25273,18834192259;324;64;-1217,2782190032194;395
1,6181606864602422;23,46280282453751;5,076338306644851;24614,78224195829;322;58;-1036,1265900765898;396
0,9533778231430305;11,579510354510354;5,4979914136251535;22028,74887897685;324;84;-1359,470795870796;397
1,2277814977689954;15,240783968694926;5,340588871983036;22676,17149372902;326;62;-979,7994033744034;398
0,5023065926453059;5,384410999628391;5,885503596102315;20047,116480570807;326;62;-978,8008186258184;399
1,7402103652654868;30,27513006993008;5,233578797102302;25781,668955497807;324;58;-957,6610639360638;400
0,8946948797486509;11,56170675138066;5,889792688689489;21252,73620963971;324;72;-1175,0623487623486;401
2,8220174639679225;49,31594935974634;5,381369912873626;26223,241901574802;328;64;-1029,5414474414474;402
0,9230317309966577;11,266583643114256;5,41431511053815;21695,172342127218;328;52;-824,2555389055393;403
1,5423985218227576;23,392319458319452;5,598078825318242;23655,913151474593;324;74;-1231,257933732933;404
1,5451811702918345;21,469451781095614;5,140389222654053;24030,71604757779;319;50;-906,8439671439673;405
1,34340590251455;17,126745715652998;5,301950204963337;22885,746280510593;322;74;-1310,7356698856697;406
1,455900689377856;19,939648994240827;5,236239325837289;24206,88125790698;324;54;-931,8482683982681;407
0,619155758954182;6,856067669704035;6,056892285497027;20240,58917053418;324;62;-810,7171023421022;408
1,452506489568207;18,96485720514497;5,355401236172681;23115,04561832198;323;52;-715,5679070929073;409
1,7311500225434244;27,894859776239084;5,531188823644282;23756,948488185866;319;60;-1014,9047646797648;410
2,0922035501958853;27,794591662422544;5,066221671144429;25194,466794157044;323;70;-1094,4020535020536;411
0,6529853927287638;7,223469011147585;5,701703049413525;21293,63102207863;326;56;-797,0631229881233;412
1,051709328540254;13,605107623857627;5,415445081400221;22646,803471319567;319;72;-929,9175629925628;413
0,5588179288234488;6,593769524126668;5,854059108421837;20713,51680440067;325;62;-920,1396575646577;414
1,2246262930972744;16,30422726056288;5,272874739342456;23283,2025556156;325;64;-1126,5156315906322;415
0,8293940985273941;9,756680698528525;5,820726915578877;21101,997438339717;326;64;-1184,9923548673553;416
0,8168567758591885;9,429837735566904;5,860439096881817;21090,770468372222;325;78;-1107,6101537351537;417
0,7598959482611592;9,229923083005279;5,737926833039106;21289,04826570748;325;58;-1010,8101565101565;418
1,8743810285632303;28,93307689609772;5,204513487758534;25918,097217476286;325;74;-1402,6376318126315;419
2,5054568110074134;36,491631988972415;4,698157277330944;27102,353276030564;323;50;-886,9841713841715;420
0,8101398768994331;9,994517067294847;5,824570738510114;21402,785660414356;326;66;-991,355488955489;421
1,173878537013242;14,795926357593027;5,476953828854302;22773,965772485124;321;62;-954,2801504051503;422
1,2629844620517725;17,91210691607243;5,245955489249301;23385,8098400929;326;42;-755,912684537684;423
0,798545950659386;9,84576843344449;5,417115569479543;21665,260553242304;323;58;-886,4698662448666;424
1,766135340359507;23,435854037937375;5,08219085267746;23032,37797356114;320;60;-1127,3623071373072;425
1,8515783867567326;33,702015274974464;4,854607168744774;26593,52350055976;326;56;-753,6681762681762;426
1,3959813552949139;17,3324917949918;5,171547424950177;23778,67522596881;322;58;-915,8465562215564;427
0,7672585325050467;9,158332120554345;5,659166458644013;21917,38247987339;326;82;-1202,2795926295921;428
1,0127059102631926;12,122628490614106;5,677240596415511;21563,619115377413;323;56;-785,6024614274612;429
1,3163957849781867;16,054735950324186;5,392662115013065;22787,96635376361;327;74;-1159,6769869019865;430
1,5609210524414927;20,387849983780214;5,387374860179046;23306,704131319846;328;82;-1238,193764568765;431
1,334067818945603;17,071407881611968;5,197522130312239;23264,125257661384;327;54;-848,137859362859;432
3,2429130028861186;53,40132105656582;4,613936819672166;28445,357253281036;317;78;-1223,603787878788;433
1,2263453470284487;18,44288981497011;5,440665589992463;22846,011188702323;325;60;-939,2213591963595;434
1,3281539930328314;17,18139069459492;5,546315345029474;23012,081302931518;323;52;-877,5275668775669;435
0,7634388441631944;8,898578819262273;5,576199894712251;21686,904049394023;324;82;-1428,9193084693088;436
0,4951884222495553;5,950858561728128;5,878934693484404;21229,33496569135;327;58;-899,9222832722832;437
0,8999275611032378;12,369550773952183;5,474357671543196;22081,232437643448;320;72;-1079,5225912975914;438
1,2023442079346505;15,12279122204495;5,5152607396270605;22642,70071701379;320;56;-974,0591214341216;439
1,2217000890212444;17,073211700780192;5,4977482041199215;22973,87397103092;321;56;-1087,0768481518478;440
1,2552491206300302;18,24758742339911;5,257842438768006;23980,17862196558;328;62;-1084,674986124986;441
0,7228933494553275;8,581520142868827;5,576110262316221;21104,569930506743;326;62;-940,9642302142308;442
1,2457668239662678;15,43182611832612;5,458206318901615;22593,14231001427;323;52;-824,7513375513375;443
1,269798704827375;20,5932740920151;5,396904547809116;24096,637914154904;317;48;-749,0489121989124;444
0,9846025036250963;11,877239912379776;5,222783916953114;22601,75808742454;325;74;-1095,3166333666334;445
0,4347480594788497;4,529410660660661;5,936195353631732;20127,44478044675;326;60;-1135,5708596958598;446
1,10769131232086;13,39375710361626;5,778339295635314;21932,29935548046;327;64;-1022,3827145077145;447
2,3744571246061565;33,396253319330235;5,332695973701771;25035,91458427884;328;68;-1072,648432123432;448
1,7803495059248373;24,74040395694531;5,481628510810191;23551,167480247062;321;76;-1425,489604839605;449
0,7223710697645783;9,223870263380753;5,594072218850311;21358,572174817153;329;70;-1295,2227106227103;450
1,6046908274266007;22,838216393945565;4,885172960173589;24868,47628249901;327;76;-1379,4438894438897;451
1,1108751708420774;13,647760355113295;5,193906552139935;22571,10986293839;326;72;-1221,3536435786439;452
1,0824287473995924;15,142061575120788;5,363567495877445;22752,416426028103;324;54;-942,7330835830832;453
2,2620807270342875;30,285165330701044;5,278691521907557;24974,58964571814;322;72;-1097,4476023976026;454
2,523295841410238;38,30108885558884;5,037813614359093;27330,91763984058;325;56;-1039,3651404151408;455
1,5791448725552961;27,139179460386362;5,60009165725437;23574,491320752248;325;66;-935,9624958374957;456
1,272602250474619;17,069645080946454;5,151043549621056;23503,339346014393;326;56;-1001,7002192252193;457
1,6162236566256627;22,2012083820478;5,25506024254568;24043,806710741508;318;64;-1011,9820956820953;458
0,8486984742478314;9,922570387359121;5,791263158679033;21045,539162965957;324;64;-979,997391497391;459
0,9737877431120784;12,016469810219812;5,465790646779236;22240,506262877454;322;56;-851,2269980019983;460
1,2103730473027903;16,70560248929814;5,121790257354372;23655,189974241435;328;60;-899,3825091575093;461
2,235396870322566;33,88646592035854;4,732478979833101;26054,459678611398;322;62;-1077,4586469086469;462
1,4162782872173467;20,26448849057544;5,355502069077318;23383,436188263255;328;82;-1558,8290431790438;463
2,641584048297493;39,921795447351016;4,584170063069121;27611,403673680263;321;74;-1259,0026307026303;464
0,7778607968876802;9,270123472206805;5,775437628698504;21217,67813609291;323;60;-935,7316433566435;465
1,2794969048688365;15,655890160481992;5,135555037050045;23049,20757611819;324;54;-996,3168803418802;466
0,7677784422394557;8,835268084406014;5,426226467807523;21005,318791811686;327;62;-996,8192862692856;467
0,6193692921102303;7,310324663920555;5,850780955634496;20904,616723645388;326;70;-1147,0874514374514;468
0,9158554192366678;10,88908793226975;5,2056780014545385;22550,601339469315;326;56;-1057,4826756576754;469
1,0611920917779196;14,411149707228136;5,258989157998828;22982,408792908387;325;68;-1262,776026751027;470
2,6505320960453056;48,440309276130165;5,075609761884836;28545,007375883804;313;70;-998,046805971806;471
2,512725193381869;43,18149389417772;5,4207035495107805;24097,860628088147;312;70;-1133,3847985347986;472
1,9900013596994865;29,493108841513095;4,967470172878588;25676,669632351543;318;52;-890,3564740814742;473
1,267183650355722;18,989891164391175;5,232038564860471;23496,8507420078;328;60;-920,5257992007994;474
1,1617663986704592;13,843911905324948;5,715859790587564;21814,517190587714;322;82;-1317,562448662449;475
1,2494880421115275;16,9380513005513;5,412012802854541;22617,62453677408;325;62;-868,187162837163;476
1,6256192054821401;23,40471132042561;5,59205862065294;23111,84655990453;318;76;-1270,6091297591302;477
2,058749266772618;28,333340876126105;5,1643572395496955;23657,18078117312;322;56;-892,2865884115885;478
3,1418538469416664;54,28199223943907;4,797848669065377;28229,019296939077;319;58;-833,3148740148739;479
1,694587353129819;23,271149181787482;5,397333517749134;23508,323392885362;322;62;-925,8092601842603;480
1,7745822703468939;25,76345649300195;5,139561672041257;24951,03536996769;320;48;-805,4942363192358;481
1,538540780323681;20,602135403719906;5,53511752177559;23081,52329104316;323;54;-907,649589299589;482
0,9295833794435019;11,148654617832698;5,636719888879599;21417,33789309751;326;64;-1088,1751026751026;483
2,09112861539682;29,95175904971822;4,829851760373394;26146,998268242005;325;80;-1393,6218115218123;484
1,089641194893521;12,82188223653741;5,651374076695968;21729,76344291886;324;82;-1290,0171828171829;485
1,3118522475156216;17,582194146180164;5,567453772555754;22046,993061883823;326;70;-1372,520870795871;486
1,2501415948754138;17,410874839446258;5,595999249758898;22229,07063618556;326;68;-1061,2421800421798;487
1,591027282694281;24,26650433844312;5,246452206264521;24076,24296298001;326;72;-1081,5213092463098;488
1,459005353943836;20,18363094746074;5,186037615958324;24229,09028656352;326;64;-1293,7582500832505;489
1,1735860810904966;16,75129918390788;5,351342252025638;23224,82472112946;325;54;-1013,7104673104676;490
1,511864925960279;20,88444969948467;5,373277492884993;23209,414408330267;328;50;-760,6828255078253;491
2,5149273157942407;38,04254086962421;4,759351132116979;26460,2804881518;322;70;-1120,3722277722275;492
3,485210041462801;63,248983451189375;4,653560138930738;30720,11029506288;321;76;-1056,655397380397;493
0,8517510622686674;10,24799615893366;5,905740766411904;21533,21484018091;323;72;-1125,5765068265068;494
0,9970809365418821;11,524885095747166;5,496830223542728;21983,317569785795;326;76;-1338,447358197358;495
0,7151130051321853;8,199547674547672;5,96614368239731;20484,41828969224;326;68;-1085,0639166389167;496
0,3097721300403425;3,2005861332503667;6,087126684625175;19427,782620821374;328;60;-867,5393106893107;497
0,9790772647003428;12,21704412650841;5,368016122649337;21867,59624472422;323;66;-1091,0969974469979;498
2,042689612334514;29,656854741082938;5,0199648617799575;24744,41339921123;323;76;-1357,9715617715626;499
1,772119411897997;24,523468757322924;4,953162052676124;24512,794029896675;320;54;-670,3314269064267;500
1,5767575208275453;23,216153461051423;5,204538206712692;24296,12601390021;326;54;-1016,1646991896991;501
2,008424349105402;30,470366398307565;5,449985544194535;24171,61827851986;327;86;-1363,786877011877;502
1,2721227487168902;15,98542402787369;5,268688467814121;23836,86737210446;328;58;-891,268747918748;503
2,2150542766729195;33,25138945650308;4,609554845669362;27232,691763781488;320;86;-1421,6457958707958;504
1,082463722077626;13,79045717875505;5,514366825091211;22572,67582463022;327;64;-1011,7068320568324;505
1,6429616661037967;22,06454243198847;5,20810892702717;23899,552391457368;318;60;-960,3676906426905;506
3,2142558313323346;61,25236282629898;4,441098266292406;30145,64396233493;324;70;-1149,0566683316686;507
1,6055732545169512;21,074685199857615;5,22941594367542;23039,105792028233;318;58;-782,7677766677771;508
0,8764018985715405;11,876318485671005;5,193025983795449;22649,262430022063;325;64;-930,1023643023643;509
1,466668827861899;21,47196794833781;5,284317656757932;24067,07867241588;324;82;-1260,687382062382;510
1,1454419715264728;15,01830587827091;5,668511226363673;22100,81802326786;328;70;-1246,6796037296035;511
0,8135825172776089;9,116177484487341;5,580141738897796;21194,677566595597;326;80;-1264,993534243535;512
1,9162075156817349;27,54323757215912;5,333486063937827;24225,98576507303;327;58;-957,9282606282608;513
0,8843271170019511;10,442054436791281;5,509054367831307;22095,59925931493;322;68;-1107,589069264069;514
0,7009908638227312;7,799602922330195;5,867895845229215;20589,721933485194;324;60;-900,2083916083916;515
1,6783904480740397;21,88676906426906;5,144858872399314;23681,300248849348;323;62;-997,959343434344;516
1,7254497028387092;22,626728536803164;5,367437515437409;23964,041169413726;320;50;-753,6752358752356;517
1,4564161946168779;20,809216817665085;5,009127609422086;24238,052036229255;327;60;-968,6526945276944;518
1,7671486290676988;26,401512596116902;5,4619311872934055;24682,274478382256;322;66;-968,4507131757133;519
1,0999981609321512;13,937462225045008;5,225332679527778;22310,474112961307;327;56;-984,3268842268842;520
0,9278935607401322;11,69426397676398;5,5503596230931995;21932,2814932257;324;44;-614,990750915751;521
0,6881489090822454;8,107370010941441;5,867356157174319;21264,484752313885;327;74;-1534,1751054501053;522
0,5889162491833522;6,59739842545965;5,679251751153268;20630,97124205527;326;64;-936,2672771672769;523
1,0266903631915758;12,49131265839012;5,286408331513229;22711,215336847126;326;64;-1179,0298285048289;524
1,1904733597705799;16,319588839623083;5,557319947839208;22541,07265599691;328;72;-1177,614638139638;525
0,7316660525780129;7,806464843880956;5,755566976864818;21337,90076340055;328;64;-1044,8072233322232;526
1,6607109193017098;22,0672180819991;5,117109345946323;23653,59564481596;319;70;-1182,724431124431;527
1,6736562652551557;21,805988116599625;5,571338327573096;23600,22963737196;321;74;-1077,8742368742369;528
1,62409087194848;21,326261803330766;5,566397055196829;23593,012936190073;324;54;-792,7174714174714;529
0,694839253239682;7,850101940543116;5,675731817500683;20859,898640557614;325;70;-1077,7187090687091;530
0,9922619758752266;12,665556422490726;5,619663994527404;22316,613749603664;327;88;-1622,6356005105997;531
0,7577687871004708;9,447928197438001;5,644680401946491;21444,956229105366;325;68;-1362,3365467865465;532
0,5525509126798687;6,003178315936937;5,6283412780025985;20720,724346403855;324;62;-853,0208957708961;533
1,1342682977374263;14,722426828405084;5,402482003061898;22591,350769877456;316;64;-949,6941919191917;534
0,930192214234303;10,7016528908913;5,699333600549046;22080,99822774021;324;64;-1176,356185481185;535
1,7656358752506898;24,2567456004956;5,113892757471832;24458,734088567402;320;62;-1010,3709651459652;536
1,6769394266684212;22,430097006751417;5,277482801978265;24120,8680633815;325;72;-1076,8992590742594;537
0,6590765545423646;7,310894801655667;5,815471173878317;20904,75420449062;328;52;-849,3614524364522;538
1,8227755694321501;26,88078174621798;5,2964116114582165;25197,199323211105;325;54;-906,4261544011543;539
1,3867605164310062;18,555489644705332;5,160965409261762;23363,249514022475;323;52;-852,8248889998888;540
0,6815375639999058;7,317319981605693;5,81091138564635;20760,16425979994;324;76;-1239,7593295593297;541
1,1882576404006977;16,455486932049435;5,421481963508975;22252,800343371448;319;58;-936,9144411144412;542
2,1274304220322535;36,23742087277801;4,587424278912138;27886,757416986326;322;60;-948,2133588633591;543
0,9664173325669383;11,056731612981615;5,60587715282213;21950,05160398413;323;72;-1240,1839105339106;544
1,3417006366535025;19,99463322391894;5,559696029957617;22605,08419174001;323;72;-1123,0673520923524;545
1,5874955732530631;24,461888942363387;5,499424725976555;23132,71948643049;321;82;-1287,470385170385;546
0,41441905329279827;4,40644529082029;6,142801495774478;19701,660730527597;327;76;-1277,6900266400266;547
1,5152590074051135;22,714093359691947;5,319472685850773;24252,721766875897;325;54;-778,4424769674768;548
1,340819923087788;17,68283726194441;5,324355243111794;23308,846116030192;324;52;-797,4777833277832;549
1,448154413893883;20,21935752478515;5,1414018320464745;23533,90270736265;322;58;-1059,5911394161392;550
0,7988421276526484;9,556893920615725;5,593143265443782;21994,47680036731;328;72;-1081,4040903540908;551
1,2889957871512945;21,82997199229342;5,751031369371258;22991,810002598177;312;44;-724,7971611721607;552
1,402065514368724;18,6735870772584;5,222364706205108;23393,297651109293;323;64;-1102,2345543345546;553
2,122170883684386;31,058848431262223;5,215101652387044;24405,906999907398;326;60;-1184,9111555111554;554
1,3138695339070796;17,30298685441543;5,226152730549765;22932,398651746404;328;90;-1428,2585470085473;555
1,4577711770661992;19,568982150328303;5,3798869952046;23680,570376274834;324;70;-1035,3388084138087;556
1,0121358612687845;13,144351139481007;5,585911110755735;22142,660256470703;327;70;-1071,1850926850923;557
1,0624322644183002;11,712016810350145;5,927979089279411;21654,00459119159;323;56;-781,0160284160282;558
1,1632966778855378;13,61812590773858;5,333185712295681;22754,636142128747;325;40;-741,4030386280386;559
0,6129752013650083;7,42168541335208;5,843410662672648;20661,256641672808;328;68;-1035,7070568320569;560
1,057139999521222;12,901205747894487;5,486391413642258;22843,603677487437;324;70;-1325,1864746364747;561
2,196238485183823;33,64270223472352;5,299218168774783;25400,6473229807;321;56;-745,2520868020865;562
1,805730228533941;26,245255121222854;4,970795226134887;24341,417943708315;322;64;-1002,3704711954712;563
0,9349986947645647;12,009365086916109;5,407160352640128;22155,693930522095;327;76;-1048,7970917970918;564
0,9764606891400982;12,137666937834721;5,543276418594088;21542,480168309725;319;64;-977,6021728271731;565
0,9627728661510733;12,475345441285036;5,5811196911659895;22087,519166202317;328;76;-1405,9207653457654;566
0,5771614140342067;6,128863756475697;5,880066083973963;20401,809737417752;326;78;-1181,5536047286048;567
2,713268291443343;40,8812051164324;5,741199296749292;23555,00227461678;319;56;-839,7001831501827;568
0,79954431435796;9,546221722316615;5,732967030180877;21306,089058322927;324;92;-1449,1747446997451;569
1,8244079465858984;24,175366742758044;5,159923096339315;24773,11788578226;321;62;-932,9347069597072;570
0,6367176824948066;7,501923176743322;5,551077451218113;21251,7087631004;326;64;-962,281884781885;571
2,3195491886900856;32,61019442216625;5,129407900367839;24494,925979076907;324;70;-1095,0083527583527;572
1,034286960551621;13,37865711908264;5,159677731595556;22594,858385022264;327;54;-774,4958291708291;573
0,9407560097266523;11,576119033837156;5,8041775641839575;21716,78899600573;323;82;-1324,4316877566873;574
1,266756140369066;15,785133269508265;5,089158219132756;23573,37996231389;325;76;-1265,2700077700076;575
1,2566009045355442;16,431720858506566;5,429558572417302;23662,92021009106;320;68;-1149,2365995115997;576
1,7861082330469336;26,200532964977416;5,487838183607964;23247,471939061314;325;66;-1035,8017760017754;577
2,3812681875541557;41,95823943883647;5,2851843043642175;26329,79261058864;314;64;-884,9136030636031;578
1,2187532961434038;15,164197069441826;5,276662937689143;22861,045218493062;323;70;-1081,283974358974;579
1,1363856601729956;15,99382014433035;5,478666434359528;22451,944326390545;328;54;-934,1699134199132;580
1,3011300849945227;16,960863158750485;5,240616012432763;23147,651931667275;326;82;-1235,5299006549008;581
3,505699129540631;66,14976360445111;4,651783589617826;31031,240221464748;316;56;-939,9030719280721;582
2,6860223807437165;40,077036369427674;5,241027992067583;25059,902242684333;317;62;-957,8628898878902;583
1,0504913907785958;13,111000404134206;5,494354194237016;22616,307885464143;321;70;-1118,2978826728834;584
2,4201983418186073;37,42197051990154;4,838256691890668;27346,049623447183;326;74;-1256,6441835941835;585
1,6666075340935336;21,566291198253225;5,159583505769848;24316,545552788262;324;54;-994,645951270951;586
2,2379608884630406;35,66175131646829;4,682441665016585;27649,829315900668;328;72;-1471,27899045399;587
1,2611132607510358;18,64069397038147;5,5338567973729775;23520,503919347317;326;60;-939,6256660006661;588
2,5045472437131377;39,66256563652397;5,194443101658341;26515,688249747487;317;74;-1386,6982406482407;589
1,7291733209111175;27,429120779300632;5,165117609329751;24924,780655850773;314;62;-1059,824136974137;590
1,618635935884276;20,428354998176435;5,225058678927563;24162,23779774331;320;74;-1162,875607725608;591
0,9949207038400657;12,4804924472143;5,524176906840045;21666,050468989597;324;60;-916,5997141747141;592
1,5513610341378032;21,75610124577516;5,291082127412516;24175,79365631493;326;54;-931,5478188478188;593
